r2,corr,ssim,mse,mae,dice,iou,pred_name
0.5744792746042131,0.7846213579177856,0.8065571493437611,0.4307563602924347,0.3192960023880005,0.984565258026123,0.01039470771966878,im_c001_z012_t000_p003_xy0
